"Time","Python","Java","JavaScript","PHP","C++","R"
"2008-01-01",20,14,9,4,4,21
"2008-02-01",19,14,9,4,4,24
"2008-03-01",18,15,8,5,5,20
"2008-04-01",17,14,8,4,5,19
"2008-05-01",17,13,10,5,5,18
"2008-06-01",15,14,9,4,5,16
"2008-07-01",14,14,10,5,5,14
"2008-08-01",13,13,9,5,5,13
"2008-09-01",12,14,9,4,6,12
"2008-10-01",13,13,9,4,6,12
"2008-11-01",14,13,8,5,5,12
"2008-12-01",12,13,8,4,5,12
"2009-01-01",13,15,9,5,6,11
"2009-02-01",15,15,11,6,6,12
"2009-03-01",14,17,11,6,6,11
"2009-04-01",13,16,10,6,6,11
"2009-05-01",11,15,10,7,6,10
"2009-06-01",12,15,9,6,6,11
"2009-07-01",13,16,9,6,6,10
"2009-08-01",12,17,9,6,7,10
"2009-09-01",12,19,8,6,7,9
"2009-10-01",13,17,9,6,8,10
"2009-11-01",10,18,11,6,8,11
"2009-12-01",10,18,12,6,7,11
"2010-01-01",10,18,11,7,8,11
"2010-02-01",10,19,12,7,8,10
"2010-03-01",10,20,12,8,9,9
"2010-04-01",10,20,11,7,9,10
"2010-05-01",11,19,12,7,8,10
"2010-06-01",10,21,14,7,8,9
"2010-07-01",11,22,13,8,8,9
"2010-08-01",11,19,13,8,9,10
"2010-09-01",11,22,12,8,10,9
"2010-10-01",11,23,16,8,11,9
"2010-11-01",11,22,13,9,10,9
"2010-12-01",11,19,14,9,9,10
"2011-01-01",12,23,14,9,10,10
"2011-02-01",11,22,14,10,10,9
"2011-03-01",11,26,11,10,10,10
"2011-04-01",13,22,11,10,11,10
"2011-05-01",12,25,11,10,10,9
"2011-06-01",11,25,11,11,10,9
"2011-07-01",11,24,10,10,10,9
"2011-08-01",10,25,10,10,10,9
"2011-09-01",9,30,10,9,12,8
"2011-10-01",10,29,10,9,12,9
"2011-11-01",10,29,9,10,12,9
"2011-12-01",13,25,12,10,11,10
"2012-01-01",11,29,11,10,12,10
"2012-02-01",11,32,12,11,12,10
"2012-03-01",11,35,11,12,13,10
"2012-04-01",12,33,10,12,11,10
"2012-05-01",12,33,11,12,13,10
"2012-06-01",11,34,12,12,12,11
"2012-07-01",11,34,11,12,12,10
"2012-08-01",11,36,11,11,12,10
"2012-09-01",12,38,10,11,14,10
"2012-10-01",11,39,10,12,14,10
"2012-11-01",12,39,10,11,14,10
"2012-12-01",11,35,11,12,12,11
"2013-01-01",12,39,11,12,12,11
"2013-02-01",12,42,13,13,14,11
"2013-03-01",12,44,12,14,16,11
"2013-04-01",12,44,12,13,15,10
"2013-05-01",12,49,11,14,15,10
"2013-06-01",12,47,12,14,15,10
"2013-07-01",13,46,11,14,13,11
"2013-08-01",14,45,12,14,14,10
"2013-09-01",12,50,11,14,20,11
"2013-10-01",14,52,12,14,20,11
"2013-11-01",14,51,12,13,20,11
"2013-12-01",17,46,11,14,16,11
"2014-01-01",14,48,13,14,16,11
"2014-02-01",15,56,15,16,20,12
"2014-03-01",17,58,13,16,20,12
"2014-04-01",14,57,13,16,19,13
"2014-05-01",13,51,13,14,16,18
"2014-06-01",14,55,14,16,17,11
"2014-07-01",15,57,14,15,16,11
"2014-08-01",15,58,15,16,18,11
"2014-09-01",17,63,15,18,23,12
"2014-10-01",18,67,16,18,26,13
"2014-11-01",18,70,17,20,26,12
"2014-12-01",19,65,17,19,23,12
"2015-01-01",19,64,18,19,23,12
"2015-02-01",20,71,20,21,27,12
"2015-03-01",22,75,22,24,30,14
"2015-04-01",21,83,22,24,28,12
"2015-05-01",22,77,23,22,27,12
"2015-06-01",23,70,23,23,25,12
"2015-07-01",21,74,22,22,23,12
"2015-08-01",24,73,24,24,25,13
"2015-09-01",25,79,24,23,30,12
"2015-10-01",26,82,24,25,31,14
"2015-11-01",25,83,24,23,32,13
"2015-12-01",26,75,23,24,28,13
"2016-01-01",28,79,24,25,29,13
"2016-02-01",31,88,28,28,33,16
"2016-03-01",29,87,29,29,34,15
"2016-04-01",29,86,30,29,34,14
"2016-05-01",30,85,32,32,32,15
"2016-06-01",30,88,31,28,29,14
"2016-07-01",30,88,31,28,28,13
"2016-08-01",32,89,32,31,30,14
"2016-09-01",37,97,36,31,39,14
"2016-10-01",38,94,34,31,43,20
"2016-11-01",39,100,35,34,42,20
"2016-12-01",40,93,35,30,39,22
"2017-01-01",0,0,0,0,0,0
"2017-02-01",0,0,0,0,0,0
"2017-03-01",0,0,0,0,0,0
"2017-04-01",0,0,0,0,0,0
"2017-05-01",0,0,0,0,0,0
"2017-06-01",0,0,0,0,0,0
"2017-07-01",0,0,0,0,0,0
"2017-08-01",22,44,16,15,15,19
"2017-09-01",24,50,17,15,17,19
"2017-10-01",26,51,18,16,20,19
"2017-11-01",26,53,18,17,21,15
"2017-12-01",24,46,17,15,19,17
"2018-01-01",26,45,18,15,17,17
"2018-02-01",29,49,19,16,19,17
"2018-03-01",27,45,20,16,18,15
"2018-04-01",27,44,19,16,19,16
"2018-05-01",27,44,18,15,17,16
"2018-06-01",30,39,18,15,14,16
"2018-07-01",28,42,18,14,14,14
"2018-08-01",28,41,18,15,14,14
"2018-09-01",30,44,19,14,18,15
"2018-10-01",32,42,19,14,19,16
"2018-11-01",31,41,19,14,20,18
"2018-12-01",29,38,18,12,17,17
"2019-01-01",33,40,20,13,16,17
"2019-02-01",32,39,21,14,18,18
"2019-03-01",35,39,20,14,18,18
"2019-04-01",32,38,20,14,16,18
"2019-05-01",34,37,19,15,15,17
"2019-06-01",37,37,21,13,14,17
"2019-07-01",38,39,21,13,16,16
"2019-08-01",37,37,20,12,16,15
"2019-09-01",41,43,22,13,19,15
"2019-10-01",44,42,20,14,21,16
"2019-11-01",41,43,22,14,20,16
"2019-12-01",41,40,21,13,18,15
"2020-01-01",42,41,22,12,16,15
"2020-02-01",46,42,24,13,19,16
"2020-03-01",46,39,24,13,19,15
"2020-04-01",53,37,25,13,18,16
"2020-05-01",50,34,25,13,17,16
"2020-06-01",50,36,24,12,16,16
"2020-07-01",46,34,25,12,14,16
"2020-08-01",45,34,24,10,15,15
"2020-09-01",50,37,26,11,17,16
"2020-10-01",47,39,24,11,20,16
"2020-11-01",48,40,25,12,19,15
"2020-12-01",45,35,25,11,18,15
"2021-01-01",50,39,26,11,18,15
"2021-02-01",52,44,29,12,21,15
"2021-03-01",54,47,30,12,26,15
"2021-04-01",55,46,32,13,24,15
"2021-05-01",54,44,30,12,24,15
"2021-06-01",57,50,33,13,23,15
"2021-07-01",51,45,33,12,18,14
"2021-08-01",50,46,31,11,18,14
"2021-09-01",57,54,33,11,22,14
"2021-10-01",58,54,33,12,22,15
"2021-11-01",55,55,32,12,22,14
"2021-12-01",55,50,32,12,23,14
"2022-01-01",59,52,35,13,22,13
"2022-02-01",63,56,37,12,23,14
"2022-03-01",66,57,39,14,25,15
"2022-04-01",60,56,40,17,23,15
"2022-05-01",62,58,39,15,24,15
"2022-06-01",63,59,41,15,23,14
"2022-07-01",66,70,42,14,22,14
"2022-08-01",66,71,41,12,24,14
"2022-09-01",70,73,44,13,29,14
"2022-10-01",71,68,40,13,28,14
"2022-11-01",75,71,44,14,29,16
"2022-12-01",66,66,42,13,25,19
"2023-01-01",71,59,47,15,24,20
"2023-02-01",77,63,49,25,22,17
"2023-03-01",75,63,50,17,22,17
"2023-04-01",68,61,47,16,20,18
"2023-05-01",69,60,49,16,19,18
"2023-06-01",65,60,46,16,20,17
"2023-07-01",65,59,48,14,17,18
"2023-08-01",64,64,48,14,19,16
"2023-09-01",72,64,47,14,22,16
"2023-10-01",70,65,49,14,22,16
"2023-11-01",70,64,43,15,21,17
"2023-12-01",67,62,44,14,21,15
"2024-01-01",69,67,48,16,21,15
"2024-02-01",76,80,50,21,20,16
"2024-03-01",73,74,49,15,19,16
"2024-04-01",71,74,51,15,20,17
"2024-05-01",68,69,48,18,20,17
"2024-06-01",63,79,43,14,17,21
"2024-07-01",67,80,43,12,16,20
"2024-08-01",64,78,43,11,17,21
"2024-09-01",77,78,44,11,19,20
"2024-10-01",70,73,41,11,20,20
"2024-11-01",67,67,39,12,19,20
"2024-12-01",67,70,38,10,17,20
"2025-01-01",70,71,42,10,18,23
"2025-02-01",70,82,42,10,17,23
"2025-03-01",68,88,38,9,16,22
"2025-04-01",61,87,35,9,16,22
"2025-05-01",64,85,34,13,16,22
"2025-06-01",66,77,32,9,14,22
"2025-07-01",62,71,33,8,13,21
"2025-08-01",60,69,30,7,13,21
"2025-09-01",59,62,27,7,14,20
"2025-10-01",57,65,25,6,14,21
"2025-11-01",57,69,26,7,15,22
"2025-12-01",57,73,26,7,14,23
"2026-01-01",54,73,24,5,13,22
"2026-02-01",56,68,24,5,12,23
"2026-03-01",54,66,20,5,12,20
"2026-04-01",56,67,22,5,13,21
"2026-05-01",51,63,20,5,11,21
"2026-06-01",64,74,25,5,13,20
"2026-07-01",62,66,29,5,12,21
"2026-08-01",65,71,25,5,11,19
"2026-09-01",64,67,22,4,12,20