Time,Python,Java,JavaScript,PHP,C++,R
2024-01-01,69,67,48,16,21,15
2024-02-01,76,80,50,21,20,16
2024-03-01,73,74,49,15,19,16
2024-04-01,71,74,51,15,20,17
2024-05-01,68,69,48,18,20,17
2024-06-01,63,79,43,14,17,21
2024-07-01,67,80,43,12,16,20
2024-08-01,64,78,43,11,17,21
2024-09-01,77,78,44,11,19,20
2024-10-01,70,73,41,11,20,20
2024-11-01,67,67,39,12,19,20
2024-12-01,67,70,38,10,17,20
2025-01-01,70,71,42,10,18,23
2025-02-01,70,82,42,10,17,23
2025-03-01,68,88,38,9,16,22
2025-04-01,61,87,35,9,16,22
2025-05-01,64,85,34,13,16,22
2025-06-01,66,77,32,9,14,22
2025-07-01,62,71,33,8,13,21
2025-08-01,60,69,30,7,13,21
2025-09-01,59,62,27,7,14,20
2025-10-01,57,65,25,6,14,21
2025-11-01,57,69,26,7,15,22
2025-12-01,57,73,26,7,14,23
2026-01-01,54,73,24,5,13,22
2026-02-01,56,68,24,5,12,23
2026-03-01,54,66,20,5,12,20
2026-04-01,56,67,22,5,13,21
2026-05-01,51,63,20,5,11,21
2026-06-01,64,74,25,5,13,20
2026-07-01,62,66,29,5,12,21
2026-08-01,65,71,25,5,11,19
2026-09-01,64,67,22,4,12,20
